country,admin_name,city
Afghanistan,Qala i Naw,B?dgh?s
Afghanistan,Farah,Far?h
Afghanistan,Meymaneh,F?ry?b
Afghanistan,Ghazni,Ghazn?
Afghanistan,Chaghcharan,Gh?r
Afghanistan,Mehtar Lam,Laghm?n
Afghanistan,Baraki Barak,L?gar
Afghanistan,Zaranj,N?mr?z
Afghanistan,Sharan,Pakt?k?
Afghanistan,B?z?rak,Panjshir
Afghanistan,Charikar,Parw?n
Albania,Peshkopi,Dibër
Albania,Krujë,Durrës
Albania,Lushnjë,Fier
Albania,Gjirokastër,Gjirokastër
Albania,Përmet,Gjirokastër
Albania,Pogradec,Korçë
Algeria,Adrar,Adrar
Algeria,Aïn Temouchent,Aïn Temouchent
Algeria,Algiers,Alger
Algeria,Batna,Batna
Algeria,Béni Ounif,Béchar
Algeria,Béchar,Béchar
Algeria,Boumerdes,Boumerdes
Algeria,El Goléa,Ghardaïa
Algeria,Djanet,Illizi
Algeria,I-n-Amenas,Illizi
Algeria,M'sila,M’sila
Algeria,Naama,Naama
Algeria,Hassi Messaoud,Ouargla
Algeria,Touggourt,Ouargla
Algeria,Oum el Bouaghi,Oum el Bouaghi
Andorra,Ordino,Ordino
Angola,Benguela,Benguela
Angola,Calucinga,Bié
Angola,Huambo,Huambo
Angola,Quipungo,Huíla
Angola,Luiana,Kuando Kubango
Angola,Ndalatando,Kwanza Norte
Angola,Dondo,Kwanza Norte
Angola,Quibala,Kwanza Sul
Angola,Malanje,Malanje
Angola,Cazombo,Moxico
Angola,Tômbua,Namibe
Argentina,Dolores,Buenos Aires
Argentina,Lobos,Buenos Aires
Argentina,Tandil,Buenos Aires
Argentina,Tres Arroyos,Buenos Aires
Argentina,Buenos Aires,"Buenos Aires, Ciudad Autónoma de"
Argentina,Tinogasta,Catamarca
Argentina,Charata,Chaco
Argentina,Trelew,Chubut
Argentina,Rawson,Chubut
Argentina,Paso Rio Mayo,Chubut
Argentina,Puerto Madryn,Chubut
Argentina,Sarmiento,Chubut
Argentina,Bell Ville,Córdoba
Argentina,Alta Gracia,Córdoba
Argentina,Paraná,Entre Ríos
Argentina,Concepción del Uruguay,Entre Ríos
Argentina,General Pico,La Pampa
Argentina,Malargüe,Mendoza
Argentina,La Paz,Mendoza
Argentina,Posadas,Misiones
Argentina,Eldorado,Misiones
Argentina,Zapala,Neuquén
Armenia,Ashtarak,Aragatsotn
Armenia,Artashat,Ararat
Armenia,Vanadzor,Lorri
Australia,Canberra,Australian Capital Territory
Australia,Forbes,New South Wales
Australia,Singleton,New South Wales
Australia,Newcastle,New South Wales
Australia,Bathurst,New South Wales
Australia,Central Coast,New South Wales
Australia,Yamba,New South Wales
Australia,Coffs Harbour,New South Wales
Australia,Orange,New South Wales
Australia,Wollongong,New South Wales
Australia,Nowra,New South Wales
Australia,Merimbula,New South Wales
Australia,Cowra,New South Wales
Australia,Broken Hill,New South Wales
Australia,Katherine,Northern Territory
Australia,Adelaide River,Northern Territory
Australia,McMinns Lagoon,Northern Territory
Austria,Klagenfurt,Kärnten
Austria,Sankt Pölten,Niederösterreich
Azerbaijan,X?rdalan,Ab?eron
Azerbaijan,A?da?,A?da?
Azerbaijan,Balak?n,Balak?n
Azerbaijan,Da?k?s?n,Da?k?s?n
Azerbaijan,Hac?qabul,Hac?qabul
Azerbaijan,K?lb?c?r,K?lb?c?r
Azerbaijan,Neftçala,Neftçala
Azerbaijan,Ordubad,Ordubad
Bahrain,Manama,Al ‘??imah
Bangladesh,Narayanganj,Dhaka
Bangladesh,Tangail,Dhaka
Bangladesh,Khulna,Khulna
Belarus,Homyel,Homyel’skaya Voblasts’
Belarus,Babruysk,Mahilyowskaya Voblasts’
Belarus,Maladzyechna,Minskaya Voblasts’
Belgium,Hasselt,Flanders
Benin,Porto-Novo,Ouémé
Bhutan,Daga,Dagana
Bhutan,Gasa,Gasa
Bhutan,Lhuentse,Lhuentse
Bhutan,Mongar,Mongar
Bolivia,Padilla,Chuquisaca
Bolivia,Puerto Villarroel,Cochabamba
Bolivia,Reyes,El Beni
Bolivia,Guayaramerín,El Beni
Bolivia,Coroico,La Paz
Bolivia,Viacha,La Paz
Bolivia,Charaña,La Paz
Bolivia,Achacachi,La Paz
Bolivia,Sorata,La Paz
Bolivia,Tupiza,Potosí
Bolivia,Villa Martin,Potosí
Bolivia,Uncia,Potosí
Botswana,Serowe,Central
Botswana,Kasane,Chobe
Botswana,Francistown,Francistown
Botswana,Jwaneng,Jwaneng
Botswana,Tshabong,Kgalagadi
Botswana,Molepolole,Kweneng
Botswana,Lobatse,Lobatse
Brazil,Sena Madureira,Acre
Brazil,Arapiraca,Alagoas
Brazil,Rio Largo,Alagoas
Brazil,Porto Santana,Amapá
Brazil,Natal,Amazonas
Brazil,Tefé,Amazonas
Brazil,Barcelos,Amazonas
Brazil,Tonantins,Amazonas
Brazil,Tucano,Bahia
Brazil,Santa Cruz Cabrália,Bahia
Brazil,Icó,Ceará
Brazil,Baturité,Ceará
Brazil,Camocim,Ceará
Brazil,Paracuru,Ceará
Brazil,Canindé,Ceará
Brazil,Vila Velha,Espírito Santo
Brazil,Cachoeiro de Itapemirim,Espírito Santo
Brazil,Jataí,Goiás
Brazil,Niquelândia,Goiás
Brazil,Chapadinha,Maranhão
Brazil,Grajau,Maranhão
Brazil,Colinas,Maranhão
Brazil,São Luís,Maranhão
Brazil,Itapecuru Mirim,Maranhão
Brazil,Imperatriz,Maranhão
Brazil,Cuiabá,Mato Grosso
Brazil,Rondonópolis,Mato Grosso
Brazil,Aquidauana,Mato Grosso do Sul
Brazil,Jardim,Mato Grosso do Sul
Brazil,Almenara,Minas Gerais
Brazil,Araçuaí,Minas Gerais
Brazil,Itaúna,Minas Gerais
Brazil,Divinópolis,Minas Gerais
Brazil,Lavras,Minas Gerais
Brazil,Paracatu,Minas Gerais
Brazil,Araxá,Minas Gerais
Brazil,Araguari,Minas Gerais
Brazil,Poços de Caldas,Minas Gerais
Brazil,Passos,Minas Gerais
Brazil,Frutal,Minas Gerais
Brazil,Januária,Minas Gerais
Brazil,Governador Valadares,Minas Gerais
Brazil,Guanhães,Minas Gerais
Brazil,Ipatinga,Minas Gerais
Brazil,Montes Claros,Minas Gerais
Brazil,Leopoldina,Minas Gerais
Brazil,Jacareacanga,Pará
Brazil,Cametá,Pará
Brazil,Paragominas,Pará
Brazil,Itaituba,Pará
Brazil,Xinguara,Pará
Brazil,Abaetetuba,Pará
Brazil,Cascavel,Paraná
Brazil,Campo Murao,Paraná
Brazil,Timbaúba,Pernambuco
Brazil,Garanhuns,Pernambuco
Brazil,Salgueiro,Pernambuco
Brazil,Piripiri,Piauí
Brazil,Teresina,Piauí
Brazil,Barras,Piauí
Bulgaria,Kyustendil,Kyustendil
Bulgaria,Plovdiv,Plovdiv
Burkina Faso,Solenzo,Boucle du Mouhoun
Burkina Faso,Tenkodogo,Centre-Est
Burkina Faso,Boulsa,Centre-Nord
Burkina Faso,Pô,Centre-Sud
Burkina Faso,Bogandé,Est
Burkina Faso,Orodara,Hauts-Bassins
Burma,Pathein,Ayeyawady
Burma,Bago,Bago
Burma,Hakha,Chin State
Burma,Pakokku,Magway
Burma,Myingyan,Mandalay
Burma,Mandalay,Mandalay
Burundi,Isale,Bujumbura Rural
Burundi,Kirundo,Kirundo
Cabo Verde,Porto dos Mosteiros,Mosteiros
Cabo Verde,Porto Novo,Porto Novo
Cambodia,Sisophon,Banteay Meanchey
Cambodia,Kompong Chhnang,Kampong Chhnang
Cambodia,Kampong Spoe,Kampong Speu
Cambodia,Senmonorom,Mondolkiri
Cambodia,Sâmraông,Oddar Meanchey
Cambodia,Prey Veng,Prey Veng
Cameroon,Mbalmayo,Centre
Cameroon,Bélabo,Est
Cameroon,Abong Mbang,Est
Cameroon,Kumbo,North-West
Cameroon,Bafoussam,Ouest
Canada,Brooks,Alberta
Canada,Camrose,Alberta
Canada,Calgary,Alberta
Canada,Peace River,Alberta
Canada,Medicine Hat,Alberta
Canada,Jasper,Alberta
Canada,Athabasca,Alberta
Canada,Banff,Alberta
Canada,Meander River,Alberta
Canada,Dawson Creek,British Columbia
Canada,Nelson,British Columbia
Canada,Kelowna,British Columbia
Canada,Courtenay,British Columbia
Canada,Lillooet,British Columbia
Canada,Chilliwack,British Columbia
Canada,Burns Lake,British Columbia
Canada,Tofino,British Columbia
Canada,Berens River,Manitoba
Canada,Steinbach,Manitoba
Canada,Dauphin,Manitoba
Canada,Flin Flon,Manitoba
Canada,Brandon,Manitoba
Canada,Lynn Lake,Manitoba
Canada,Winnipeg,Manitoba
Canada,Forteau,Newfoundland and Labrador
Canada,Channel-Port aux Basques,Newfoundland and Labrador
Canada,St. Anthony,Newfoundland and Labrador
Canada,Happy Valley - Goose Bay,Newfoundland and Labrador
Canada,Lutselke,Northwest Territories
Canada,Doline,Northwest Territories
Canada,Windsor,Nova Scotia
Canada,Digby,Nova Scotia
Canada,Iqaluit,Nunavut
Canada,Kugluktuk,Nunavut
Canada,Baker Lake,Nunavut
Canada,Naujaat,Nunavut
Canada,Taloyoak,Nunavut
Canada,Ennadai,Nunavut
Canada,Hall Beach,Nunavut
Canada,Cobalt,Ontario
Canada,Fort Severn,Ontario
Canada,Sudbury,Ontario
Canada,London,Ontario
Canada,Ottawa,Ontario
Canada,Nipigon,Ontario
Canada,Geraldton,Ontario
Canada,New Liskeard,Ontario
Canada,Hamilton,Ontario
Canada,Orangeville,Ontario
Canada,Wawa,Ontario
Central African Republic,Bria,Haute-Kotto
Central African Republic,Mbaïki,Lobaye
Central African Republic,Bouar,Nana-Mambéré
Central African Republic,Bambari,Ouaka
Chad,Koumra,Mandoul
Chile,Chuquicamata,Antofagasta
Chile,Calama,Antofagasta
Chile,Nueva Imperial,Araucanía
Chile,Angol,Araucanía
Chile,Arica,Arica y Parinacota
Chile,Diego de Almagro,Atacama
Chile,Chanaral,Atacama
Chile,Huasco,Atacama
Chile,Copiapó,Atacama
Chile,Puerto Aisén,Aysén
Chile,Puerto Williams,Magallanes y de la Antártica Chilena
Chile,Talca,Maule
China,Fuyang,Anhui
China,Jieshou,Anhui
China,Fengjie,Chongqing
China,Wanzhou,Chongqing
China,Sanming,Fujian
China,Changting,Fujian
China,Fuan,Fujian
China,Minxian,Gansu
China,Longxi,Gansu
China,Tianshui,Gansu
China,Zhangye,Gansu
China,Meizhou,Guangdong
China,Foshan,Guangdong
China,Dongguan,Guangdong
China,Qingyuan,Guangdong
China,Guangzhou,Guangdong
China,Guilin,Guangxi
China,Guiyang,Guizhou
China,Qinhuangdao,Hebei
China,Hengshui,Hebei
China,Dingzhou,Hebei
China,Huanghua,Hebei
China,Xiangtai,Hebei
China,Mishan,Heilongjiang
China,Keshan,Heilongjiang
China,Hulin,Heilongjiang
China,Boli,Heilongjiang
China,Yichun,Heilongjiang
China,Zhaodong,Heilongjiang
China,Ningan,Heilongjiang
China,Linkou,Heilongjiang
China,Angangxi,Heilongjiang
China,Tieli,Heilongjiang
China,Beian,Heilongjiang
China,Hulan Ergi,Heilongjiang
China,Qiqihar,Heilongjiang
China,Qitaihe,Heilongjiang
China,Xinyang,Henan
China,Zhengzhou,Henan
China,Nanyang,Henan
China,Kaifeng,Henan
China,Yichang,Hubei
China,Shiyan,Hubei
China,Jingmen,Hubei
China,Shaoyang,Hunan
China,Zixing,Hunan
China,Baotou,Inner Mongolia
China,Xilinhot,Inner Mongolia
China,Jining,Inner Mongolia
China,Alxa Zuoqi,Inner Mongolia
China,Erenhot,Inner Mongolia
China,Huaiyin,Jiangsu
China,Nanchang,Jiangxi
China,Jian,Jiangxi
China,Panshi,Jilin
China,Liaoyuan,Jilin
China,Shulan,Jilin
China,Changchun,Jilin
China,Tumen,Jilin
China,Fuxin,Liaoning
China,Tieling,Liaoning
China,Jinzhou,Liaoning
China,Yinchuan,Ningxia
Colombia,Turbo,Antioquia
Colombia,Sonsón,Antioquia
Colombia,Arauca,Arauca
Colombia,Barranquilla,Atlántico
Colombia,Arjona,Bolívar
Colombia,Cartagena,Bolívar
Colombia,Magangué,Bolívar
Colombia,Sogamoso,Boyacá
Colombia,Manizales,Caldas
Colombia,Neiva,Huila
Colombia,Garzón,Huila
Colombia,Riohacha,La Guajira
Colombia,Ciénaga,Magdalena
Colombia,San Martín,Meta
Colombia,Tumaco,Nariño
Colombia,Ipiales,Nariño
Colombia,Túquerres,Nariño
Congo (Brazzaville),Brazzaville,Brazzaville
Congo (Brazzaville),Makoua,Cuvette
Congo (Brazzaville),Owando,Cuvette
Congo (Brazzaville),Ewo,Cuvette-Ouest
Congo (Brazzaville),Mossendjo,Niari
Congo (Brazzaville),Gamboma,Plateaux
Congo (Kinshasa),Aketi,Bas-Uélé
Congo (Kinshasa),Mbandaka,Équateur
Congo (Kinshasa),Kipushi,Haut-Katanga
Congo (Kinshasa),Luanza,Haut-Katanga
Congo (Kinshasa),Kaniama,Haut-Lomami
Congo (Kinshasa),Wamba,Haut-Uélé
Congo (Kinshasa),Watsa,Haut-Uélé
Congo (Kinshasa),Ilebo,Kasaï
Congo (Kinshasa),Kananga,Kasaï Central
Congo (Kinshasa),Demba,Kasaï Central
Congo (Kinshasa),Kinshasa,Kinshasa
Congo (Kinshasa),Kimpese,Kongo Central
Congo (Kinshasa),Kenge,Kwango
Congo (Kinshasa),Kikwit,Kwilu
Congo (Kinshasa),Bandundu,Kwilu
Congo (Kinshasa),Mangai,Kwilu
Congo (Kinshasa),Lubao,Lomami
Congo (Kinshasa),Mushie,Mai-Ndombe
Congo (Kinshasa),Kampene,Maniema
Congo (Kinshasa),Kindu,Maniema
Congo (Kinshasa),Lisala,Mongala
Congo (Kinshasa),Businga,Nord-Ubangi
Costa Rica,Liberia,Guanacaste
Croatia,Gospi?,Li?ko-Senjska Županija
Croatia,Rijeka,Primorsko-Goranska Županija
Cuba,Artemisa,Artemisa
Cuba,Camagüey,Camagüey
Cuba,Nuevitas,Camagüey
Cuba,Nueva Gerona,Isla de la Juventud
Czechia,Karlovy Vary,Karlovarský Kraj
Czechia,Hradec Králové,Královéhradecký Kraj
Czechia,Ostrava,Moravskoslezský Kraj 
Czechia,Olomouc,Olomoucký Kraj
Czechia,Pardubice,Pardubický Kraj
C??D?voire,Soubré,Bas-Sassandra
C??D?voire,Grand Bassam,Comoé
C??D?voire,Gagnoa,Gôh-Djiboua
C??D?voire,Divo,Gôh-Djiboua
C??D?voire,Dimbokro,Lacs
C??D?voire,Dabou,Lagunes
C??D?voire,Guiglo,Montagnes
Denmark,Hillerød,Hovedstaden
Djibouti,Obock,Obock
Dominican Republic,Dajabón,Cibao Noroeste
Dominican Republic,Moca,Cibao Norte
Dominican Republic,Cotuí,Cibao Sur
Dominican Republic,Hato Mayor,Higuamo
Ecuador,Alausí,Chimborazo
Ecuador,Riobamba,Chimborazo
Ecuador,Latacunga,Cotopaxi
Ecuador,Macará,Loja
Ecuador,Babahoyo,Los Ríos
Ecuador,Yaupi,Morona-Santiago
Ecuador,Tena,Napo
Ecuador,Puyo,Pastaza
Egypt,Alexandria,Al Iskandar?yah
Egypt,El Giza,Al J?zah
Egypt,Mallawi,Al Miny?
Egypt,El Minya,Al Miny?
Egypt,Benha,Al Qaly?b?yah
Egypt,Aswan,Asw?n
Egypt,Asyut,Asy??
Egypt,Bur Said,B?r Sa‘?d
Egypt,Siwa,Ma?r??
Egypt,Matruh,Ma?r??
Egypt,Salum,Ma?r??
El Salvador,Sensuntepeque,Cabañas
El Salvador,Cojutepeque,Cuscatlán
Equatorial Guinea,Palé,Annobón
Equatorial Guinea,Bata,Litoral
Eritrea,Mendefera,Debub
Eritrea,Agordat,Gash Barka
Estonia,Paide,Järvamaa
Estonia,Haapsalu,Läänemaa
Ethiopia,Dese,?mara
Ethiopia,Debre Birhan,?mara
Ethiopia,Asosa,B?nshangul Gumuz
Ethiopia,Harar,H?rer? Hizb
Ethiopia,Dembi Dolo,Orom?ya
Fiji,Nandi,Ba
Finland,Lappeenranta,Etelä-Karjala
Finland,Kokkola,Keski-Pohjanmaa
Finland,Kemi,Lappi
Finland,Sodankylä,Lappi
Finland,Kemijärvi,Lappi
France,Dijon,Bourgogne-Franche-Comté
France,Brest,Bretagne
France,Tours,Centre-Val de Loire
France,Bastia,Corsica
France,Troyes,Grand Est
France,Nancy,Grand Est
France,Versailles,Île-de-France
France,Rouen,Normandie
France,Biarritz,Nouvelle-Aquitaine
France,Tarbes,Occitanie
France,Nantes,Pays de la Loire
Gabon,Bifoum,Moyen-Ogooué
Gabon,Lambaréné,Moyen-Ogooué
Gabon,Omboué,Ogooué-Maritime
"Gambia, The",Bansang,Central River
"Gambia, The",Kerewan,North Bank
Georgia,Sukhumi,Abkhazia
Georgia,Kutaisi,Imereti
Georgia,Mtskheta,Mtskheta Mtianeti
Germany,Ulm,Baden-Württemberg
Germany,Mannheim,Baden-Württemberg
Germany,Ingolstadt,Bavaria
Germany,Passau,Bavaria
Germany,Regensburg,Bavaria
Germany,Coburg,Bavaria
Germany,Fürth,Bavaria
Germany,Berlin,Berlin
Germany,Potsdam,Brandenburg
Germany,Cottbus,Brandenburg
Germany,Bremen,Bremen
Germany,Hannover,Lower Saxony
Germany,Braunschweig,Lower Saxony
Germany,Cologne,North Rhine-Westphalia
Germany,Düsseldorf,North Rhine-Westphalia
Germany,Dortmund,North Rhine-Westphalia
Germany,Duisburg,North Rhine-Westphalia
Germany,Essen,North Rhine-Westphalia
Germany,Bielefeld,North Rhine-Westphalia
Germany,Wuppertal,North Rhine-Westphalia
Ghana,Kumasi,Ashanti
Ghana,Cape Coast,Central
Ghana,Accra,Greater Accra
Greece,Patra,Dytikí Elláda
Greece,Kerkira,Ionía Nísia
Greece,Ioanina,Ípeiros
Greece,Katerini,Kentrikí Makedonía
Greece,Hania,Kríti
Greece,Sitia,Kríti
Greece,Ermoupoli,Notío Aigaío
Greece,Kalamata,Peloponnísos
Guatemala,Chiquimula,Chiquimula
Guatemala,San Jose,Escuintla
Guatemala,Huehuetenango,Huehuetenango
Guinea,Kamsar,Boké
Guinea,Koundara,Boké
Guinea,Kérouané,Kankan
Guinea,Kindia,Kindia
Guinea,Télimélé,Kindia
Guinea,Tongue,Labé
Guinea,Mali,Labé
Guinea,Dalaba,Mamou
Guinea,Beyla,N’Zérékoré
Guinea-Bissau,Quinhámel,Biombo
Guyana,Georgetown,Demerara-Mahaica
Guyana,Fort Wellington,Mahaica-Berbice
Guyana,Anna Regina,Pomeroon-Supenaam
Haiti,Hinche,Centre
Haiti,Miragoâne,Nippes
Haiti,Port-De-Paix,Nord-Ouest
Honduras,San Pedro Sula,Cortés
Honduras,La Paz,La Paz
Hungary,Budapest,Budapest
Hungary,Debrecen,Debrecen
Hungary,Sopron,Gy?r-Moson-Sopron
Hungary,Szolnok,Jász-Nagykun-Szolnok
Hungary,Miskolc,Miskolc
Hungary,Pécs,Pécs
Iceland,Höfn,Austurland
India,Guntur,Andhra Pradesh
India,Vizianagaram,Andhra Pradesh
India,Hindupur,Andhra Pradesh
India,Karimnagar,Andhra Pradesh
India,Guwahati,Assam
India,Aurangabad,Bih?r
India,Chandigarh,Chand?garh
India,Bhuj,Gujar?t
India,Ahmedabad,Gujar?t
India,Gurgaon,Hary?na
India,Sirsa,Hary?na
India,Sonipat,Hary?na
India,Panipat,Hary?na
India,Simla,Him?chal Pradesh
India,Dhanbad,Jharkhand
India,Jamshedpur,Jharkhand
India,Hospet,Karn?taka
India,Bijapur,Karn?taka
India,Mandya,Karn?taka
India,Tumkur,Karn?taka
India,Kollam,Kerala
India,Ujjain,Madhya Pradesh
India,Burhanpur,Madhya Pradesh
India,Indore,Madhya Pradesh
India,Sangli,Mah?r?shtra
India,Ahmednagar,Mah?r?shtra
India,Aurangabad,Mah?r?shtra
India,Brahmapur,Odisha
Indonesia,Langsa,Aceh
Indonesia,Serang,Banten
Indonesia,Kediri,Jawa Timur
Indonesia,Sumenep,Jawa Timur
Indonesia,Bandjarmasin,Kalimantan Selatan
Indonesia,Sampit,Kalimantan Tengah
Indonesia,Kualakapuas,Kalimantan Tengah
Indonesia,Ende,Nusa Tenggara Timur
Indonesia,Waingapu,Nusa Tenggara Timur
Indonesia,Biak,Papua
Indonesia,Timika,Papua
Indonesia,Merauke,Papua
Iran,Karaj,Alborz
Iran,Mahabad,?z?arb?yj?n-e Gharb?
Iran,Kashan,E?fah?n
Iran,Qomsheh,E?fah?n
Iran,?l?m,?l?m
Iran,Kashmar,Khor?s?n-e Ra?av?
Iran,Torbat-e Jam,Khor?s?n-e Ra?av?
Iran,Ahvaz,Kh?zest?n
Iran,Sanandaj,Kordest?n
Iran,Arak,Markaz?
Iran,Sari,M?zandar?n
Iraq,Irbil,Arb?l
Iraq,Baghdad,Baghd?d
Iraq,An Nasiriyah,Dh? Q?r
Iraq,Mandali,Diy?lá
Iraq,Mosul,N?nawá
Ireland,Cork,Cork
Ireland,Donegal,Donegal
Ireland,Dublin,Dublin
Ireland,Swords,Fingal
Ireland,Galway,Galway
Ireland,Kilkenny,Kilkenny
Ireland,Carrick on Shannon,Leitrim
Ireland,Drogheda,Louth
Ireland,Dundalk,Louth
Ireland,Castlebar,Mayo
Ireland,Trim,Meath
Israel,Ramla,Central
Italy,L'Aquila,Abruzzo
Italy,Potenza,Basilicata
Italy,Catanzaro,Calabria
Italy,Vibo Valentia,Calabria
Italy,Crotone,Calabria
Italy,Caserta,Campania
Italy,Bologna,Emilia-Romagna
Italy,Modena,Emilia-Romagna
Italy,Udine,Friuli-Venezia Giulia
Italy,Genoa,Liguria
Italy,Campobasso,Molise
Italy,Asti,Piedmont
Japan,Nagoya,Aichi
Japan,Hirosaki,Aomori
Japan,Matsuyama,Ehime
Japan,Fukuoka,Fukuoka
Japan,Iwaki,Fukushima
Japan,Maebashi,Gunma
Japan,Hiroshima,Hiroshima
Japan,Sapporo,Hokkaid?
Japan,Mito,Ibaraki
Japan,Takamatsu,Kagawa
Japan,Nagano,Nagano
Japan,Niigata,Niigata
Jordan,As Salt,Al Balq?’
Jordan,Al Karak,Al Karak
Jordan,At Tafilah,A? ?af?lah
Jordan,Az Zarqa,Az Zarq?’
Kazakhstan,Ushtobe,Almaty
Kazakhstan,Qapshaghay,Almaty
Kazakhstan,Esik,Almaty
Kazakhstan,Almaty,Almaty
Kazakhstan,Zholymbet,Aqmola
Kazakhstan,Esil,Aqmola
Kazakhstan,Khromtau,Aqtöbe
Kazakhstan,Embi,Aqtöbe
Kazakhstan,Bayghanin,Aqtöbe
Kazakhstan,Chapaev,Batys Qazaqstan
Kazakhstan,Zhangaozen,Mangghysta?
Kazakhstan,Aqtau,Mangghysta?
Kazakhstan,Lenger,Ongtüstik Qazaqstan
Kazakhstan,Kachiry,Pavlodar
Kazakhstan,Ekibastuz,Pavlodar
Kenya,Bomet,Bomet
Kenya,Garissa,Garissa
Kenya,Kendu Bay,Homa Bay
Kenya,Kerugoya,Kirinyaga
Kenya,Kisumu,Kisumu
Kenya,Mwingi,Kitui
Kenya,Witu,Lamu
Kenya,Konza,Machakos
Kenya,Moyale,Marsabit
Kenya,Meru,Meru
Kenya,Mombasa,Mombasa
Kenya,Murang’a,Murang’a
Kenya,Nairobi,Nairobi City
Kenya,Nakuru,Nakuru
Kenya,Naivasha,Nakuru
Kenya,Narok,Narok
Kenya,Nyamira,Nyamira
"Korea, North",Kilchu,Hambuk
"Korea, North",Kimchaek,Hambuk
"Korea, North",Kaesong,Hwangnam
"Korea, North",Rajin,Nas?n
"Korea, North",Taedong,P’y?ngbuk
"Korea, South",Cheongju,Chungbuk
"Korea, South",Daegu,Daegu
"Korea, South",Daejeon,Daejeon
"Korea, South",Wonju,Gangwon
"Korea, South",Sokcho,Gangwon
"Korea, South",Ansan,Gyeonggi
"Korea, South",Incheon,Incheon
Kosovo,Gjilan,Gjilan
Kosovo,Istog,Istog
Kosovo,Klinë,Klinë
Kosovo,Kllokot,Kllokot
Kosovo,,Mitrovicë
Kosovo,Partesh,Partesh
Kyrgyzstan,Naryn,Naryn
Laos,Attapu,Attapu
Laos,Xam Nua,Houaphan
Laos,Louang Namtha,Louangnamtha
Latvia,Ape,Apes Novads
Latvia,Pi??i,Bab?tes Novads
Latvia,Burtnieki,Burtnieku Novads
Latvia,C?sis,C?su Novads
Latvia,Iecava,Iecavas Novads
Latvia,In?ukalns,In?ukalna Novads
Latvia,Jaunjelgava,Jaunjelgavas Novads
Latvia,Jaunpiebalga,Jaunpiebalgas Novads
Latvia,K?rsava,K?rsavas Novads
Latvia,?egums,?eguma Novads
Latvia,?ekava,?ekavas Novads
Latvia,Ragana,Krimuldas Novads
Latvia,Kuld?ga,Kuld?gas Novads
Latvia,L?gatne,L?gatnes Novads
Latvia,Limbaži,Limbažu Novads
Latvia,Lub?na,Lub?nas Novads
Latvia,Ludza,Ludzas Novads
Latvia,Olaine,Olaines Novads
Latvia,Stalbe,P?rgaujas Novads
Latvia,Priekule,Priekules Novads
Lebanon,B'abda,Mont-Liban
Lesotho,Mohales Hoek,Mohale’s Hoek
Liberia,Robertsport,Grand Cape Mount
Liberia,Monrovia,Montserrado
Liberia,Bensonville,Montserrado
Libya,Al Bayda,Al Jabal al Akh?ar
Libya,Gharyan,Al Jabal al Gharb?
Libya,Hun,Al Jufrah
Libya,Zillah,Al Jufrah
Libya,Maradah,Al W?h??t
Libya,Bani Walid,Mi?r?tah
Lithuania,Elektr?nai,Elektrénai
Lithuania,Kalvarija,Kalvarijos
Lithuania,Mažeikiai,Mažeikiai
Lithuania,Pakruojis,Pakruojis
Lithuania,Palanga,Palangos Miestas
Lithuania,Pasvalys,Pasvalys
Luxembourg,Clervaux,Clervaux
Macedonia,Berovo,Berovo
Macedonia,Bogovinje,Bogovinje
Macedonia,Brvenica,Brvenica
Macedonia,?aška,?aška
Macedonia,Del?evo,Del?evo
Macedonia,Demir Kapija,Demir Kapija
Macedonia,Dolneni,Dolneni
Macedonia,Gevgelija,Gevgelija
Macedonia,Kavadarci,Kavadarci
Macedonia,Kon?e,Kon?e
Macedonia,Kriva Palanka,Kriva Palanka
Macedonia,Makedonski Brod,Makedonski Brod
Macedonia,Rostuša,Mavrovo i Rostuša
Macedonia,Negotino,Negotino
Macedonia,Ohrid,Ohrid
Macedonia,Peh?evo,Peh?evo
Madagascar,Antalaha,Antsiranana
Madagascar,Mananjary,Fianarantsoa
Madagascar,Ihosy,Fianarantsoa
Madagascar,Maintirano,Mahajanga
Malawi,Dowa,Dowa
Malawi,Kasungu,Kasungu
Malawi,Mangochi,Mangochi
Malawi,Mwanza,Mwanza
Malawi,Neno,Neno
Malawi,Chiromo,Nsanje
Malaysia,Kuantan,Pahang
Malaysia,Kuala Lipis,Pahang
Malaysia,Raub,Pahang
Maldives,Malé,Maale
Mali,Gao,Gao
Mali,Kayes,Kayes
Mali,Kidal,Kidal
Mali,Kangaba,Koulikoro
Malta,Balzan,Balzan
Malta,Cospicua,Bormla
Malta,G?ajnsielem,G?ajnsielem
Malta,?amrun,?amrun
Malta,Imdina,Imdina
Malta,Ker?em,Ker?em
Malta,Nadur,Nadur
Mauritania,Atar,Adrar
Mauritania,Sélibaby,Guidimaka
Mauritania,Dar Naim,Nouakchott Nord
Mauritius,Curepipe,Plaines Wilhems
Mexico,Aguascalientes,Aguascalientes
Mexico,San Quintín,Baja California
Mexico,Ensenada,Baja California
Mexico,La Paz,Baja California Sur
Mexico,Santa Barbara,Chihuahua
Mexico,Villa Ahumada,Chihuahua
Mexico,Nueva Rosita,Coahuila de Zaragoza
Mexico,Saltillo,Coahuila de Zaragoza
Mexico,Piedras Negras,Coahuila de Zaragoza
Mexico,Parras,Coahuila de Zaragoza
Mexico,Torreón,Coahuila de Zaragoza
Mexico,Canatlan,Durango
Mexico,Chilpancingo,Guerrero
Mexico,Ayutla,Guerrero
Mexico,Petatlán,Guerrero
Mexico,Taxco,Guerrero
Mexico,La Barca,Jalisco
Mexico,Ciudad Guzman,Jalisco
Mexico,Toluca,México
Mexico,Uruapan,Michoacán de Ocampo
Mexico,Ciudad Hidalgo,Michoacán de Ocampo
Mexico,Cuernavaca,Morelos
Mexico,Tuxpan,Nayarit
Mexico,Huajuapan de León,Oaxaca
Mexico,Pochutla,Oaxaca
Mexico,Puebla,Puebla
Moldova,Anenii Noi,Anenii Noi
Moldova,B?l?i,B?l?i
Moldova,Bender,Bender
Moldova,Cahul,Cahul
Moldova,Dondu?eni,Dondu?eni
Moldova,Cocieri,Dub?sari
Moldova,Hînce?ti,Hînce?ti
Mongolia,Olgiy,Bayan-Ölgiy
Mongolia,Bulgan,Bulgan
Mongolia,Ulaan-Uul,Dornogov?
Mongolia,Choyr,Gov?sümber
Mongolia,Dalandzadgad,Ömnögov?
Montenegro,Berane,Berane
Montenegro,Bijelo Polje,Bijelo Polje
Montenegro,Nikši?,Nikši?
Morocco,Settat,Casablanca-Settat
Morocco,El Jadida,Casablanca-Settat
Morocco,Fez,Fès-Meknès
Morocco,Tan Tan,Guelmim-Oued Noun
Mozambique,Macia,Gaza
Mozambique,Quissico,Inhambane
Mozambique,Mocambique,Nampula
Mozambique,Cuamba,Niassa
Mozambique,Lichinga,Niassa
Namibia,Oranjemund,//Karas
Namibia,Lüderitz,//Karas
Namibia,Karibib,Erongo
Namibia,Usakos,Erongo
Namibia,Swakopmund,Erongo
Namibia,Outjo,Kunene
Namibia,Oshakati,Oshana
Namibia,Omuthiya,Oshikoto
Namibia,Grootfontein,Otjozondjupa
Namibia,Otjiwarongo,Otjozondjupa
Nepal,Kathmandu,B?gmat?
Nepal,Ramechhap,Janakpur
Netherlands,Assen,Drenthe
Netherlands,Arnhem,Gelderland
Netherlands,Eindhoven,Noord-Brabant
Netherlands,Haarlem,Noord-Holland
New Zealand,Rotorua,Bay of Plenty
New Zealand,Kaikoura,Canterbury
New Zealand,Gisborne,Gisborne
New Zealand,Palmerston North,Manawatu-Wanganui
New Zealand,Nelson,Nelson
New Zealand,Kaitaia,Northland
New Zealand,Dunedin,Otago
Nicaragua,Bluefields,Caribe Sur
Nicaragua,Juigalpa,Chontales
Nicaragua,Estelí,Estelí
Nicaragua,Masaya,Masaya
Nicaragua,Ocotal,Nueva Segovia
Nigeria,Umuahia,Abia
Nigeria,Opobo,Akwa Ibom
Nigeria,Awka,Anambra
Nigeria,Azare,Bauchi
Nigeria,Oturkpo,Benue
Nigeria,Maiduguri,Borno
Nigeria,Kumo,Gombe
Nigeria,Orlu,Imo
Nigeria,Katsina,Katsina
Nigeria,Birnin Kebbi,Kebbi
Nigeria,Abeokuta,Ogun
Nigeria,Ijebu Ode,Ogun
Nigeria,Ondo,Ondo
Nigeria,Ikare,Ondo
Nigeria,Iseyin,Oyo
Norway,Arendal,Aust-Agder
Norway,Vossavangen,Hordaland
Norway,Svolvær,Nordland
Norway,Mo i Rana,Nordland
Norway,Sarpsborg,Østfold
Oman,Nizwa,Ad D?khil?yah
Oman,Haym?’,Al Wus?á
Oman,Kha?ab,Musandam
Pakistan,Quetta,Balochist?n
Pakistan,Bannu,Khyber Pakhtunkhwa
Pakistan,Peshawar,Khyber Pakhtunkhwa
Pakistan,Dera Ismail Khan,Khyber Pakhtunkhwa
Palau,Melekeok,Melekeok
Panama,Bocas del Toro,Bocas del Toro
Panama,Almirante,Bocas del Toro
Panama,Penonome,Coclé
Panama,Colón,Colón
Panama,La Palma,Darién
Panama,Balboa,Panamá
Papua New Guinea,Abau,Central
Papua New Guinea,Rabaul,East New Britain
Papua New Guinea,Wabag,Enga
Papua New Guinea,Madang,Madang
Papua New Guinea,Kavieng,New Ireland
Paraguay,La Victoria,Alto Paraguay
Paraguay,Pedro Juan Caballero,Amambay
Paraguay,Coronel Oviedo,Caaguazú
Paraguay,Ype Jhu,Canindeyú
Paraguay,Areguá,Central
Paraguay,Itá,Central
Paraguay,Belén,Concepción
Paraguay,Caacupé,Cordillera
Paraguay,Arroyos y Esteros,Cordillera
Paraguay,Pilar,Ñeembucú
Peru,Chachapoyas,Amazonas
Peru,Casma,Ancash
Peru,Arequipa,Arequipa
Peru,Ayacucho,Ayacucho
Peru,Huanta,Ayacucho
Peru,Santo Tomas,Cusco
Peru,Tournavista,Huánuco
Peru,Huánuco,Huánuco
Peru,Chincha Alta,Ica
Peru,Tarma,Junín
Peru,San Ramon,Junín
Peru,Huancayo,Junín
Peru,Trujillo,La Libertad
Peru,Olmos,Lambayeque
Peru,Pimentel,Lambayeque
Peru,Lima,Lima
Peru,Chancay,Lima
Peru,Andoas,Loreto
Peru,Soldado Bartra,Loreto
Peru,Nauta,Loreto
Peru,Contamana,Loreto
Peru,Puerto Maldonado,Madre de Dios
Peru,Ilo,Moquegua
Peru,Chulucanas,Piura
Philippines,Angeles,Angeles
Philippines,Bacolod,Bacolod
Philippines,City of Isabela,Basilan
Philippines,Butuan,Butuan
Philippines,Tuguegarao,Cagayan
Philippines,Mambajao,Camiguin
Philippines,Roxas,Capiz
Philippines,Trece Martires City,Cavite
Philippines,Tagum,Davao del Norte
Philippines,Vigan,Ilocos Sur
Philippines,Ilagan,Isabela
Philippines,San Fernando,La Union
Philippines,Marawi City,Lanao del Sur
Philippines,Boac,Marinduque
Philippines,Navotas,Navotas
Philippines,Cadiz,Negros Occidental
Philippines,Cabanatuan,Nueva Ecija
Philippines,Bayombong,Nueva Vizcaya
Philippines,Olongapo,Olongapo
Philippines,Calapan,Oriental Mindoro
Philippines,Ormac,Ormoc
Poland,Wroc?aw,Dolno?l?skie
Poland,Bydgoszcz,Kujawsko-Pomorskie
Poland,Grudzi?dz,Kujawsko-Pomorskie
Poland,Gorzów Wielkopolski,Lubuskie
Poland,Warsaw,Mazowieckie
Portugal,Angra do Heroísmo,Azores
Portugal,Bragança,Bragança
Portugal,Castelo Branco,Castelo Branco
Portugal,Coimbra,Coimbra
Portugal,Funchal,Madeira
Qatar,Al Wakrah,Al Wakrah
Qatar,Ar Rayy?n,Ar Rayy?n
Qatar,Mad?nat ash Sham?l,Ash Sham?l
Romania,Bac?u,Bac?u
Romania,Boto?ani,Boto?ani
Romania,Re?i?a,Cara?-Severin
Romania,Constan?a,Constan?a
Romania,Târgovi?te,Dâmbovi?a
Romania,Târgu Jiu,Gorj
Romania,Miercurea Cuic,Harghita
Romania,Hunedoara,Hunedoara
Romania,Slatina,Olt
Romania,Ploie?ti,Prahova
Russia,Gorod Maykop,Adygeya
Russia,Skovorodino,Amurskaya Oblast’
Russia,Tynda,Amurskaya Oblast’
Russia,Nyukzha,Amurskaya Oblast’
Russia,Blagoveshchensk,Amurskaya Oblast’
Russia,Velsk,Arkhangel’skaya Oblast’
Russia,Astrakhan,Astrakhanskaya Oblast’
Russia,Rayevskiy,Bashkortostan
Russia,Sibay,Bashkortostan
Russia,Gubkin,Belgorodskaya Oblast’
Russia,Bryansk,Bryanskaya Oblast’
Russia,Dyatkovo,Bryanskaya Oblast’
Russia,Klintsy,Bryanskaya Oblast’
Russia,Bagdarin,Buryatiya
Russia,Severobaykalsk,Buryatiya
Russia,Groznyy,Chechnya
Russia,Magnitogorsk,Chelyabinskaya Oblast’
Russia,Zlatoust,Chelyabinskaya Oblast’
Russia,Bakal,Chelyabinskaya Oblast’
Russia,Chelyabinsk,Chelyabinskaya Oblast’
Russia,Kanash,Chuvashiya
Russia,Derbent,Dagestan
Russia,Cheremkhovo,Irkutskaya Oblast’
Russia,Angarsk,Irkutskaya Oblast’
Russia,Slyudyanka,Irkutskaya Oblast’
Russia,Tulun,Irkutskaya Oblast’
Russia,Ivanovo,Ivanovskaya Oblast’
Russia,Chernyakhovsk,Kaliningradskaya Oblast’
Russia,Ust Kamchatsk,Kamchatskiy Kray
Russia,Oktyabrskiy,Kamchatskiy Kray
Russia,Yurga,Kemerovskaya Oblast’
Russia,Prokopyevsk,Kemerovskaya Oblast’
Russia,Amursk,Khabarovskiy Kray
Russia,Komsomolsk na Amure,Khabarovskiy Kray
Russia,Ayan,Khabarovskiy Kray
Russia,Chumikan,Khabarovskiy Kray
Russia,Okhotsk,Khabarovskiy Kray
Russia,Vanino,Khabarovskiy Kray
Russia,Tukchi,Khabarovskiy Kray
Russia,Khakhar,Khabarovskiy Kray
Russia,Numto,Khanty-Mansiyskiy Avtonomnyy Okrug-Yugra
Russia,Laryak,Khanty-Mansiyskiy Avtonomnyy Okrug-Yugra
Russia,Uray,Khanty-Mansiyskiy Avtonomnyy Okrug-Yugra
Russia,Buy,Kostromskaya Oblast’
Russia,Tuapse,Krasnodarskiy Kray
Russia,Turukhansk,Krasnoyarskiy Kray
Russia,Agapa,Krasnoyarskiy Kray
Russia,Yessey,Krasnoyarskiy Kray
Russia,Uyar,Krasnoyarskiy Kray
Russia,Komsa,Krasnoyarskiy Kray
Russia,Starorybnoye,Krasnoyarskiy Kray
Russia,Achinsk,Krasnoyarskiy Kray
Russia,Uzhur,Krasnoyarskiy Kray
Russia,Dudinka,Krasnoyarskiy Kray
Russia,Kursk,Kurskaya Oblast’
Russia,Gatchina,Leningradskaya Oblast’
Russia,Vyborg,Leningradskaya Oblast’
Russia,Tikhvin,Leningradskaya Oblast’
Russia,Volkhov,Leningradskaya Oblast’
Russia,Omchak,Magadanskaya Oblast’
Russia,Susuman,Magadanskaya Oblast’
Russia,Klin,Moskovskaya Oblast’
Russia,Yegoryevsk,Moskovskaya Oblast’
Russia,Severomorsk,Murmanskaya Oblast’
Russia,Nikel,Murmanskaya Oblast’
Russia,Bugrino,Nenetskiy Avtonomnyy Okrug
Russia,Vyska,Nizhegorodskaya Oblast’
Russia,Vladikavkaz,North Ossetia
Russia,Borovichi,Novgorodskaya Oblast’
Russia,Velikiy Novgorod,Novgorodskaya Oblast’
Russia,Staraya Russa,Novgorodskaya Oblast’
Russia,Kargat,Novosibirskaya Oblast’
Russia,Tatarsk,Novosibirskaya Oblast’
Russia,Tara,Omskaya Oblast’
Russia,Orenburg,Orenburgskaya Oblast’
Russia,Buzuluk,Orenburgskaya Oblast’
Russia,Orsk,Orenburgskaya Oblast’
Russia,Gay,Orenburgskaya Oblast’
Russia,Kamenka,Penzenskaya Oblast’
Russia,Serdobsk,Penzenskaya Oblast’
Russia,Perm’,Permskiy Kray
Russia,Chusovoy,Permskiy Kray
Russia,Berezniki,Permskiy Kray
Russia,Vladivostok,Primorskiy Kray
Rwanda,Rwamagana,Eastern Province
Rwanda,Ruhengeri,Northern Province
Samoa,Mulifanua,Aiga-i-le-Tai
Saudi Arabia,Al Jubayl,Ash Sharq?yah
Saudi Arabia,Jeddah,Makkah al Mukarramah
Senegal,Kaolack,Kaolack
Senegal,Louga,Louga
Senegal,Kaédi,Matam
Serbia,Aleksinac,Aleksinac
Serbia,Ba?ka Palanka,Ba?ka Palanka
Serbia,Ba?ki Petrovac,Ba?ki Petrovac
Serbia,Bato?ina,Bato?ina
Serbia,Bogati?,Bogati?
Serbia,Bojnik,Bojnik
Serbia,Boljevac,Boljevac
Serbia,Bor,Bor
Serbia,?ajetina,?ajetina
Serbia,?i?evac,?i?evac
Serbia,?oka,?oka
Serbia,Crna Trava,Crna Trava
Serbia,Despotovac,Despotovac
Serbia,Dimitrovgrad,Dimitrovgrad
Serbia,Doljevac,Doljevac
Serbia,In?ija,In?ija
Serbia,Kni?,Kni?
Serbia,Knjaževac,Knjaževac
Serbia,Kovin,Kovin
Serbia,Kraljevo,Kraljevo
Serbia,Loznica,Loznica
Serbia,Merošina,Merošina
Serbia,Mionica,Mionica
Serbia,Novi Be?ej,Novi Be?ej
Serbia,Novi Sad,Novi Sad
Serbia,Pan?evo,Pan?evo
Serbia,Požarevac,Požarevac
Serbia,Požega,Požega
Serbia,Priboj,Priboj
Serbia,Prokuplje,Prokuplje
Sierra Leone,Koidu,Eastern
Sierra Leone,Makeni,Northern
Slovakia,Banská Bystrica,Banskobystrický
Slovakia,Bratislava,Bratislavský
Slovakia,Košice,Košický
Slovakia,Nitra,Nitriansky
Slovakia,Prešov,Prešovský
Slovenia,Ajdovš?ina,Ajdovš?ina
Slovenia,Bled,Bled
Slovenia,Bovec,Bovec
Slovenia,Cerklje na Gorenjskem,Cerklje na Gorenjskem
Slovenia,?rna na Koroškem,?rna na Koroškem
Slovenia,Destrnik,Destrnik
Slovenia,Diva?a,Diva?a
Slovenia,Dobje pri Planini,Dobje
Slovenia,Dobrna,Dobrna
Slovenia,Dol pri Ljubljani,Dol pri Ljubljani
Slovenia,Dolenjske Toplice,Dolenjske Toplice
Slovenia,Dravograd,Dravograd
Slovenia,Spodnja Hajdina,Hajdina
Slovenia,Horjul,Horjul
Slovenia,Idrija,Idrija
Slovenia,Izola,Izola
Slovenia,Jesenice,Jesenice
Slovenia,Ko?evje,Ko?evje
Slovenia,Kostel,Kostel
Slovenia,Logatec,Logatec
Slovenia,Lu?e,Lu?e
Slovenia,Majšperk,Majšperk
Slovenia,Medvode,Medvode
Slovenia,Mirna Pe?,Mirna Pe?
Slovenia,Mokronog,Mokronog-Trebelno
Slovenia,Prevalje,Prevalje
Solomon Islands,Kirakira,Makira and Ulawa
Somalia,Hudur,Bakool
Somalia,Mogadishu,Banaadir
Somalia,Boosaaso,Bari
Somalia,Luuq,Gedo
Somalia,Bu'aale,Jubbada Dhexe
South Africa,Middelburg,Eastern Cape
South Africa,Uitenhage,Eastern Cape
South Africa,Bhisho,Eastern Cape
South Africa,Queenstown,Eastern Cape
South Africa,Grahamstown,Eastern Cape
South Africa,Kroonstad,Free State
South Africa,Durban,KwaZulu-Natal
South Africa,Middelburg,Mpumalanga
South Africa,Rustenburg,North West
South Africa,Brits,North West
South Africa,Vryburg,North West
South Africa,Mahikeng,North West
South Africa,Springbok,Northern Cape
South Africa,Upington,Northern Cape
Spain,Linares,Andalusia
Spain,Córdoba,Andalusia
Spain,Málaga,Andalusia
Spain,Oviedo,Asturias
Spain,Vitoria,Basque Country
Spain,Bilbao,Basque Country
Spain,San Sebastián,Basque Country
Spain,Las Palmas,Canary Islands
Spain,Vigo,Galicia
Spain,Ourense,Galicia
Spain,Murcia,Murcia
Spain,Cartagena,Murcia
Sri Lanka,Kandy,Central
Sri Lanka,Puttalan,North Western
Sri Lanka,Jaffna,Northern
Sudan,Gedaref,Al Gedaref
Sudan,Ad Damaz?n,Blue Nile
Sudan,El Obeid,North Kordofan
Sudan,Kerma,Northern
Sudan,Dongola,Northern
Suriname,Nieuw Amsterdam,Commewijne
Suriname,Paramaribo,Paramaribo
Sweden,Falun,Dalarna
Sweden,Borlänge,Dalarna
Sweden,Bollnäs,Gävleborg
Sweden,Visby,Gotland
Sweden,Halmstad,Halland
Sweden,Växjö,Kronoberg
Switzerland,Herisau,Appenzell Ausserrhoden
Switzerland,Bern,Bern
Switzerland,Chur,Graubünden
Switzerland,Neuchâtel,Neuchâtel
Syria,Al Hasakah,Al ?asakah
Syria,Madinat ath Thawrah,Ar Raqqah
Syria,Dayr az Zawr,Dayr az Zawr
Syria,Abu Kamal,Dayr az Zawr
Syria,Izaz,?alab
Syria,Aleppo,?alab
Syria,Hims,?im?
Syria,Idlib,Idlib
Taiwan,Zhubei,Hsinchu
Tajikistan,Khorugh,K?histoni Badakhshon
Tanzania,Oldeani,Arusha
Tanzania,Biharamulo,Kagera
Tanzania,Karema,Katavi
Tanzania,Mpanda,Katavi
Tanzania,Uvinza,Kigoma
Tanzania,Moshi,Kilimanjaro
Tanzania,Tunduma,Mbeya
Tanzania,Morogoro,Morogoro
Tanzania,Wete,Pemba North
Thailand,Bueng Kan,Bueng Kan
Thailand,Buriram,Buriram
Thailand,Chainat,Chai Nat
Thailand,Khon Kaen,Khon Kaen
Thailand,Krabi,Krabi
Thailand,Lamphun,Lamphun
Thailand,Mae Hong Son,Mae Hong Son
Thailand,Mukdahan,Mukdahan
Thailand,Bua Yai,Nakhon Ratchasima
Thailand,Nakhon Si Thammarat,Nakhon Si Thammarat
Thailand,Nong Bua Lamphu,Nong Bua Lamphu
Thailand,Nonthaburi,Nonthaburi
Thailand,Phangnga,Phangnga
Thailand,Phatthalung,Phatthalung
Thailand,Phichit,Phichit
Thailand,Prachuap Khiri Khan,Prachuap Khiri Khan
Togo,Sokodé,Centrale
Togo,Bassar,Kara
Togo,Lomé,Maritime
Trinidad And Tobago,Diego Martin,Diego Martin
Trinidad And Tobago,Rio Claro,Mayaro/Rio Claro
Trinidad And Tobago,Port-of-Spain,Port of Spain
Tunisia,Gafsa,Gafsa
Tunisia,Qasserine,Kasserine
Tunisia,Zarzis,Médenine
Tunisia,Medenine,Médenine
Turkey,Ad?yaman,Ad?yaman
Turkey,Aksaray,Aksaray
Turkey,Amasya,Amasya
Turkey,Ayd?n,Ayd?n
Turkey,Söke,Ayd?n
Turkey,Bayburt,Bayburt
Turkey,Bolu,Bolu
Turkey,Çanakkale,Çanakkale
Turkey,Denizli,Denizli
Turkey,Erzurum,Erzurum
Turkey,Giresun,Giresun
Turkey,Hakkâri,Hakkâri
Turkey,Hatay,Hatay
Turkey,Samandagi,Hatay
Turkey,Kilis,Kilis
Turkey,?zmit,Kocaeli
Turkey,Konya,Konya
Turkey,Manisa,Manisa
Turkey,Ni?de,Ni?de
Turkey,Osmaniye,Osmaniye
Turkmenistan,Tejen,Ahal
Turkmenistan,Balkanabat,Balkan
Turkmenistan,Atamyrat,Lebap
Uganda,Adjumani,Adjumani
Uganda,Amolatar,Amolatar
Uganda,Amuru,Amuru
Uganda,Bulambuli,Bulambuli
Uganda,Bundibugyo,Bundibugyo
Uganda,Gombe,Butambala
Uganda,Kalangala,Kalangala
Uganda,Kalungu,Kalungu
Uganda,Kanungu,Kanungu
Uganda,Kapchorwa,Kapchorwa
Uganda,Kasese,Kasese
Uganda,Kiruhura,Kiruhura
Uganda,Koboko,Koboko
Uganda,Kotido,Kotido
Uganda,Kumi,Kumi
Uganda,Binyin,Kween
Uganda,Kyankwanzi,Kyankwanzi
Uganda,Kyenjojo,Kyenjojo
Uganda,Lwengo,Lwengo
Uganda,Mityana,Mityana
Uganda,Nakasongola,Nakasongola
Uganda,Nebbi,Nebbi
Uganda,Ngora,Ngora
Uganda,Ntoroko,Ntoroko
Uganda,Ntungamo,Ntungamo
Uganda,Nwoya,Nwoya
Uganda,Oyam,Oyam
Ukraine,Cherkasy,Cherkas’ka Oblast’
Ukraine,Uman,Cherkas’ka Oblast’
Ukraine,Kryvyy Rih,Dnipropetrovs’ka Oblast’
Ukraine,Kupyansk,Kharkivs’ka Oblast’
Ukraine,Kiev,"Kyyiv, Misto"
Ukraine,Lvov,L’vivs’ka Oblast’
Ukraine,Drohobych,L’vivs’ka Oblast’
Ukraine,Mykolayiv,Mykolayivs’ka Oblast’
United Arab Emirates,Sharjah,Ash Sh?riqah
United Kingdom,Forfar,Angus
United Kingdom,Bangor,Ards and North Down
United Kingdom,Armagh,"Armagh, Banbridge and Craigavon"
United Kingdom,Hendon,Barnet
United Kingdom,Bath,Bath and North East Somerset
United Kingdom,Blackpool,Blackpool
United Kingdom,Hove,Brighton and Hove
United Kingdom,Halifax,Calderdale
United Kingdom,Aberaeron,Ceredigion
United Kingdom,Chester,Cheshire West and Chester
United Kingdom,Alloa,Clackmannanshire
United Kingdom,Coventry,Coventry
United Kingdom,Carlisle,Cumbria
United Kingdom,Rhuthun,Denbighshire
United Kingdom,Matlock,Derbyshire
United Kingdom,Strabane,Derry and Strabane
United Kingdom,Exeter,Devon
United Kingdom,Ealing,Ealing
United Kingdom,Kilmarnock,East Ayrshire
United Kingdom,Haddington,East Lothian
United Kingdom,Giffnock,East Renfrewshire
United Kingdom,Falkirk,Falkirk
United Kingdom,Mold,Flintshire
United Kingdom,Woolwich,Greenwich
United Kingdom,Winchester,Hampshire
United Kingdom,Wood Green,Haringey
United Kingdom,Hertford,Hertfordshire
United Kingdom,Inverness,Highland
United Kingdom,Hounslow,Hounslow
United Kingdom,Greenock,Inverclyde
United Kingdom,Newport,Isle of Wight
United Kingdom,Huddersfield,Kirklees
United Kingdom,Preston,Lancashire
United Kingdom,Leeds,Leeds
United Kingdom,Catford,Lewisham
United Kingdom,Liverpool,Liverpool
United Kingdom,Luton,Luton
United Kingdom,Rochester,Medway
United Kingdom,Dalkeith,Midlothian
United Kingdom,Usk,Monmouthshire
United Kingdom,Elgin,Moray
United Kingdom,East Ham,Newham
United Kingdom,Irvine,North Ayrshire
United Kingdom,Scunthorpe,North Lincolnshire
United Kingdom,Weston-super-Mare,North Somerset
United Kingdom,Wallsend,North Tyneside
United Kingdom,Scarborough,North Yorkshire
United Kingdom,Nottingham,Nottingham
United Kingdom,Oldham,Oldham
United Kingdom,Kirkwall,Orkney Islands
United Kingdom,Portsmouth,Portsmouth
United States,Lanett,Alabama
United States,Scottsboro,Alabama
United States,Opelika,Alabama
United States,Alexander City,Alabama
United States,Clanton,Alabama
United States,Selma,Alabama
United States,Pelham,Alabama
United States,Gulf Shores,Alabama
United States,Jacksonville,Alabama
United States,Decatur,Alabama
United States,Pleasant Grove,Alabama
United States,Leeds,Alabama
United States,Chickasaw,Alabama
United States,Brent,Alabama
United States,Birmingham,Alabama
United States,Helena,Alabama
United States,Fort Payne,Alabama
United States,Oneonta,Alabama
United States,Demopolis,Alabama
United States,Brewton,Alabama
United States,Mountain Brook,Alabama
United States,Jasper,Alabama
United States,Madison,Alabama
United States,Fairfield,Alabama
United States,Ozark,Alabama
United States,Boaz,Alabama
United States,Wasilla,Alaska
United States,Ketchikan,Alaska
United States,Flagstaff,Arizona
United States,Tolleson,Arizona
United States,Queen Creek,Arizona
United States,Buckeye,Arizona
United States,Show Low,Arizona
United States,Mesa,Arizona
United States,Sierra Vista,Arizona
United States,Somerton,Arizona
United States,Chandler,Arizona
United States,Glendale,Arizona
United States,Surprise,Arizona
United States,South Tucson,Arizona
United States,Kingman,Arizona
United States,San Luis,Arizona
United States,Tempe,Arizona
United States,Batesville,Arkansas
United States,Pea Ridge,Arkansas
United States,Centerton,Arkansas
United States,Stuttgart,Arkansas
United States,Beebe,Arkansas
United States,Monticello,Arkansas
United States,Rogers,Arkansas
United States,Heber Springs,Arkansas
United States,North Little Rock,Arkansas
United States,Hot Springs,Arkansas
United States,Siloam Springs,Arkansas
United States,Maumelle,Arkansas
United States,Little Rock,Arkansas
United States,Benton,Arkansas
United States,Marion,Arkansas
United States,Forrest City,Arkansas
United States,Conway,Arkansas
United States,De Queen,Arkansas
United States,Mountain Home,Arkansas
United States,Magnolia,Arkansas
United States,Malvern,Arkansas
United States,Cabot,Arkansas
United States,Jacksonville,Arkansas
United States,Saint Helena,California
United States,Windsor,California
United States,Calistoga,California
United States,Sebastopol,California
United States,Rancho Santa Margarita,California
United States,Corning,California
United States,East Palo Alto,California
United States,Norco,California
United States,Salinas,California
United States,Apple Valley,California
United States,Foster City,California
United States,Indio,California
United States,Emeryville,California
United States,Bakersfield,California
United States,Paradise,California
United States,Mammoth Lakes,California
United States,Twentynine Palms,California
United States,Lompoc,California
United States,Crescent City,California
United States,Fillmore,California
United States,Palm Desert,California
United States,Los Gatos,California
United States,Corona,California
United States,National City,California
United States,Los Alamitos,California
United States,Hawaiian Gardens,California
United States,Gustine,California
United States,Fairfield,California
United States,Calexico,California
United States,Porterville,California
United States,Pleasanton,California
United States,Vista,California
United States,Palo Alto,California
United States,Wildomar,California
United States,Laguna Beach,California
United States,Santa Barbara,California
United States,San Bruno,California
United States,Calabasas,California
United States,Monterey Park,California
United States,Costa Mesa,California
United States,Livermore,California
United States,Desert Hot Springs,California
United States,Coachella,California
United States,Sierra Madre,California
United States,Hughson,California
United States,Ceres,California
United States,Turlock,California
United States,Cypress,California
United States,Pittsburg,California
United States,Gilroy,California
United States,Commerce,California
United States,Fortuna,California
United States,Concord,California
United States,Laguna Niguel,California
United States,Sacramento,California
United States,Fontana,California
United States,Merced,California
United States,Marysville,California
United States,Aliso Viejo,California
United States,Stockton,California
United States,San Gabriel,California
United States,Arvin,California
United States,Santa Monica,California
United States,Susanville,California
United States,La Palma,California
United States,Hermosa Beach,California
United States,Petaluma,California
United States,Carpinteria,California
United States,Alhambra,California
United States,Huron,California
United States,Santa Ana,California
United States,Oakley,California
United States,Half Moon Bay,California
United States,Marina,California
United States,San Luis Obispo,California
United States,Baldwin Park,California
United States,Davis,California
United States,Bell,California
United States,Goleta,California
United States,Grover Beach,California
United States,Citrus Heights,California
United States,Pismo Beach,California
United States,Covina,California
United States,Capitola,California
United States,Garden Grove,California
United States,San Mateo,California
United States,Oceanside,California
United States,Palos Verdes Estates,California
United States,San Jose,California
United States,South Lake Tahoe,California
United States,Redlands,California
United States,Clovis,California
United States,Woodlake,California
United States,Colton,California
United States,Montclair,California
United States,Placentia,California
United States,Lawndale,California
United States,Banning,California
United States,Rio Vista,California
United States,Livingston,California
United States,Imperial,California
United States,San Ramon,California
United States,Coalinga,California
United States,Huntington Beach,California
United States,Rancho Mirage,California
United States,McFarland,California
United States,Lake Forest,California
United States,Kingsburg,California
United States,Avenal,California
United States,Morro Bay,California
United States,Yuba City,California
United States,Rifle,Colorado
United States,Lone Tree,Colorado
United States,Loveland,Colorado
United States,Estes Park,Colorado
United States,Leadville,Colorado
United States,Aspen,Colorado
United States,Craig,Colorado
United States,Berthoud,Colorado
United States,Durango,Colorado
United States,Frederick,Colorado
United States,Woodland Park,Colorado
United States,Dacono,Colorado
United States,Sterling,Colorado
United States,Glendale,Colorado
United States,Steamboat Springs,Colorado
United States,Salida,Colorado
United States,Longmont,Colorado
United States,Fort Collins,Colorado
United States,Commerce City,Colorado
United States,Boulder,Colorado
United States,Golden,Colorado
United States,New Castle,Colorado
United States,Waterbury,Connecticut
United States,City of Milford (balance),Connecticut
United States,New Haven,Connecticut
United States,Elsmere,Delaware
United States,North Palm Beach,Florida
United States,Winter Springs,Florida
United States,Ormond Beach,Florida
United States,Dade City,Florida
United States,Daytona Beach,Florida
United States,Pinellas Park,Florida
United States,Wildwood,Florida
United States,Key Biscayne,Florida
United States,Winter Haven,Florida
United States,Lighthouse Point,Florida
United States,Lake City,Florida
United States,Venice,Florida
United States,Panama City,Florida
United States,South Miami,Florida
United States,Wauchula,Florida
United States,Orlando,Florida
United States,Oldsmar,Florida
United States,Starke,Florida
United States,Palmetto Bay,Florida
United States,Port Orange,Florida
United States,Saint Pete Beach,Florida
United States,West Miami,Florida
United States,Tallahassee,Florida
United States,Leesburg,Florida
United States,West Park,Florida
United States,Palmetto,Florida
United States,Atlantic Beach,Florida
United States,Delray Beach,Florida
United States,DeLand,Florida
United States,Fort Myers,Florida
United States,Groveland,Florida
United States,Coral Gables,Florida
United States,Lauderhill,Florida
United States,Treasure Island,Florida
United States,Fruitland Park,Florida
United States,Holly Hill,Florida
United States,Pompano Beach,Florida
United States,Rockledge,Florida
United States,Palm Springs,Florida
United States,Inverness,Florida
United States,Cape Coral,Florida
United States,Clermont,Florida
United States,Temple Terrace,Florida
United States,Belle Glade,Florida
United States,Maitland,Florida
United States,Satellite Beach,Florida
United States,Deerfield Beach,Florida
United States,Auburndale,Florida
United States,North Miami Beach,Florida
United States,Fort Meade,Florida
United States,Milton,Florida
United States,Gainesville,Florida
United States,Pahokee,Florida
United States,Neptune Beach,Florida
United States,Arcadia,Florida
United States,Margate,Florida
United States,Cape Canaveral,Florida
United States,Cocoa,Florida
United States,Boca Raton,Florida
United States,Punta Gorda,Florida
United States,North Miami,Florida
United States,Crestview,Florida
United States,Fort Valley,Georgia
United States,Buford,Georgia
United States,Moultrie,Georgia
United States,Vidalia,Georgia
United States,Valdosta,Georgia
United States,Byron,Georgia
United States,Tyrone,Georgia
United States,Calhoun,Georgia
United States,Summerville,Georgia
United States,Barnesville,Georgia
United States,Covington,Georgia
United States,Augusta,Georgia
United States,Rome,Georgia
United States,Commerce,Georgia
United States,Decatur,Georgia
United States,Cordele,Georgia
United States,Dalton,Georgia
United States,Holly Springs,Georgia
United States,Villa Rica,Georgia
United States,Dallas,Georgia
United States,Baxley,Georgia
United States,Kingsland,Georgia
United States,Athens,Georgia
United States,Cumming,Georgia
United States,Garden City,Georgia
United States,Clarkston,Georgia
United States,Albany,Georgia
United States,Griffin,Georgia
United States,Saint Marys,Georgia
United States,Stone Mountain,Georgia
United States,Lilburn,Georgia
United States,Cartersville,Georgia
United States,Jasper,Georgia
United States,Gainesville,Georgia
United States,College Park,Georgia
United States,Sandersville,Georgia
United States,Columbus,Georgia
United States,Tifton,Georgia
United States,Thomaston,Georgia
United States,Camilla,Georgia
United States,Roswell,Georgia
United States,Honolulu,Hawaii
United States,Fruitland,Idaho
United States,Jerome,Idaho
United States,Twin Falls,Idaho
United States,Coeur d'Alene,Idaho
United States,East Alton,Illinois
United States,Libertyville,Illinois
United States,New Lenox,Illinois
United States,South Holland,Illinois
United States,Oak Brook,Illinois
United States,River Forest,Illinois
United States,Frankfort,Illinois
United States,Evanston,Illinois
United States,Chatham,Illinois
United States,Channahon,Illinois
United States,Chicago,Illinois
United States,Marengo,Illinois
United States,Berwyn,Illinois
United States,Naperville,Illinois
United States,Granite City,Illinois
United States,Pontoon Beach,Illinois
United States,Metropolis,Illinois
United States,Columbia,Illinois
United States,Calumet Park,Illinois
United States,Coal City,Illinois
United States,Lisle,Illinois
United States,Plainfield,Illinois
United States,Joliet,Illinois
United States,Minooka,Illinois
United States,Rolling Meadows,Illinois
United States,Lake Zurich,Illinois
United States,La Salle,Illinois
United States,Lawrenceville,Illinois
United States,Island Lake,Illinois
United States,Riverside,Illinois
United States,Alsip,Illinois
United States,Warrenville,Illinois
United States,Plano,Illinois
United States,Lombard,Illinois
United States,Chillicothe,Illinois
United States,Bridgeview,Illinois
United States,Wilmington,Illinois
United States,Moline,Illinois
United States,West Chicago,Illinois
United States,Springfield,Illinois
United States,Canton,Illinois
United States,Oak Park,Illinois
United States,Dixon,Illinois
United States,South Beloit,Illinois
United States,Herrin,Illinois
United States,Effingham,Illinois
United States,Batavia,Illinois
United States,Homewood,Illinois
United States,Shiloh,Illinois
United States,Chicago Heights,Illinois
United States,Park Forest,Illinois
United States,Mascoutah,Illinois
United States,McHenry,Illinois
United States,Salem,Illinois
United States,Woodridge,Illinois
United States,Oswego,Illinois
United States,Berkeley,Illinois
United States,Campton Hills,Illinois
United States,Bradley,Illinois
United States,Colona,Illinois
United States,Winnetka,Illinois
United States,Gillespie,Illinois
United States,Elmwood Park,Illinois
United States,Lake Villa,Illinois
United States,Lincolnwood,Illinois
United States,Wauconda,Illinois
United States,Genoa,Illinois
United States,Bartonville,Illinois
United States,Zion,Illinois
United States,Glencoe,Illinois
United States,Bethalto,Illinois
United States,Kewanee,Illinois
United States,Franklin Park,Illinois
United States,East Peoria,Illinois
United States,Gilberts,Illinois
United States,Blue Island,Illinois
United States,La Grange Park,Illinois
United States,Macomb,Illinois
United States,Round Lake Park,Illinois
United States,Eureka,Illinois
United States,Lake in the Hills,Illinois
United States,Palatine,Illinois
United States,Greenville,Illinois
United States,Lake Forest,Illinois
United States,Pingree Grove,Illinois
United States,O'Fallon,Illinois
United States,Whitestown,Indiana
United States,Batesville,Indiana
United States,Griffith,Indiana
United States,Scottsburg,Indiana
United States,Munster,Indiana
United States,Richmond,Indiana
United States,Columbia City,Indiana
United States,Avon,Indiana
United States,Westfield,Indiana
United States,Winfield,Indiana
United States,Lafayette,Indiana
United States,Boonville,Indiana
United States,Clarksville,Indiana
United States,Bedford,Indiana
United States,Shelbyville,Indiana
United States,Rochester,Indiana
United States,Crawfordsville,Indiana
United States,Evansville,Indiana
United States,Speedway,Indiana
United States,Logansport,Indiana
United States,Portland,Indiana
United States,Merrillville,Indiana
United States,Rushville,Indiana
United States,Cedar Lake,Indiana
United States,Linton,Indiana
United States,Schererville,Indiana
United States,New Haven,Indiana
United States,Pleasant Hill,Iowa
United States,Sioux Center,Iowa
United States,Charles City,Iowa
United States,Spirit Lake,Iowa
United States,Newton,Iowa
United States,Marshalltown,Iowa
United States,Washington,Iowa
United States,Creston,Iowa
United States,Clinton,Iowa
United States,Knoxville,Iowa
United States,Shenandoah,Iowa
United States,Asbury,Iowa
United States,Boone,Iowa
United States,Ottumwa,Iowa
United States,Glenwood,Iowa
United States,Spencer,Iowa
United States,Grimes,Iowa
United States,Anamosa,Iowa
United States,Clarinda,Iowa
United States,Cedar Rapids,Iowa
United States,Oskaloosa,Iowa
United States,Muscatine,Iowa
United States,Fairfield,Iowa
United States,Mason City,Iowa
United States,Bondurant,Iowa
United States,Hiawatha,Iowa
United States,Ottawa,Kansas
United States,Overland Park,Kansas
United States,Gardner,Kansas
United States,Spring Hill,Kansas
United States,McPherson,Kansas
United States,Pittsburg,Kansas
United States,Winfield,Kansas
United States,Emporia,Kansas
United States,Paola,Kansas
United States,Hutchinson,Kansas
United States,Independence,Kansas
United States,Chanute,Kansas
United States,Wellington,Kansas
United States,Garden City,Kansas
United States,Tonganoxie,Kansas
United States,Atchison,Kansas
United States,Manhattan,Kansas
United States,Wichita,Kansas
United States,Radcliff,Kentucky
United States,Richmond,Kentucky
United States,Middletown,Kentucky
United States,Lebanon,Kentucky
United States,Glasgow,Kentucky
United States,Carrollton,Kentucky
United States,Frankfort,Kentucky
United States,Vine Grove,Kentucky
United States,Paintsville,Kentucky
United States,Paducah,Kentucky
United States,Shelbyville,Kentucky
United States,La Grange,Kentucky
United States,Princeton,Kentucky
United States,Elsmere,Kentucky
United States,Madisonville,Kentucky
United States,Villa Hills,Kentucky
United States,Hazard,Kentucky
United States,Cynthiana,Kentucky
United States,Dayton,Kentucky
United States,Berea,Kentucky
United States,Maysville,Kentucky
United States,Morganfield,Kentucky
United States,Breaux Bridge,Louisiana
United States,Zachary,Louisiana
United States,Houma,Louisiana
United States,Ponchatoula,Louisiana
United States,Ruston,Louisiana
United States,Slidell,Louisiana
United States,New Orleans,Louisiana
United States,Patterson,Louisiana
United States,Benton,Louisiana
United States,Hammond,Louisiana
United States,Gramercy,Louisiana
United States,Central,Louisiana
United States,Winnsboro,Louisiana
United States,Broussard,Louisiana
United States,Abbeville,Louisiana
United States,Walker,Louisiana
United States,Scott,Louisiana
United States,Saco,Maine
United States,Sanford,Maine
United States,Auburn,Maine
United States,South Portland,Maine
United States,Rockland,Maine
United States,Caribou,Maine
United States,Bath,Maine
United States,Portland,Maine
United States,Frostburg,Maryland
United States,Mount Rainier,Maryland
United States,Brunswick,Maryland
United States,Takoma Park,Maryland
United States,Walkersville,Maryland
United States,New Carrollton,Maryland
United States,Chestertown,Maryland
United States,Greenbelt,Maryland
United States,Emmitsburg,Maryland
United States,Westernport,Maryland
United States,Laurel,Maryland
United States,Waltham,Massachusetts
United States,Gloucester,Massachusetts
United States,Pittsfield,Massachusetts
United States,North Adams,Massachusetts
United States,Watertown,Massachusetts
United States,Somerville,Massachusetts
United States,Woburn,Massachusetts
United States,Gardner,Massachusetts
United States,Attleboro,Massachusetts
United States,Lapeer,Michigan
United States,Paw Paw,Michigan
United States,Northville,Michigan
United States,Cadillac,Michigan
United States,Albion,Michigan
United States,Grosse Pointe,Michigan
United States,Kingsford,Michigan
United States,Three Rivers,Michigan
United States,Swartz Creek,Michigan
United States,Escanaba,Michigan
United States,Muskegon,Michigan
United States,Fenton,Michigan
United States,River Rouge,Michigan
United States,Trenton,Michigan
United States,Menominee,Michigan
United States,Gaylord,Michigan
United States,Coldwater,Michigan
United States,Kalamazoo,Michigan
United States,Sault Sainte Marie,Michigan
United States,Harper Woods,Michigan
United States,Pontiac,Michigan
United States,Manistee,Michigan
United States,Eaton Rapids,Michigan
United States,Rockford,Michigan
United States,Ionia,Michigan
United States,Berrien Springs,Michigan
United States,Marshall,Michigan
United States,Grand Blanc,Michigan
United States,Auburn Hills,Michigan
United States,Dearborn,Michigan
United States,Inkster,Michigan
United States,Berkley,Michigan
United States,Laurium,Michigan
United States,Mount Clemens,Michigan
United States,Benton Harbor,Michigan
United States,Springfield,Michigan
United States,Hillsdale,Michigan
United States,Maple Grove,Minnesota
United States,Hermantown,Minnesota
United States,Glencoe,Minnesota
United States,Edina,Minnesota
United States,Brainerd,Minnesota
United States,Byron,Minnesota
United States,Owatonna,Minnesota
United States,Mounds View,Minnesota
United States,Crookston,Minnesota
United States,Hibbing,Minnesota
United States,Oak Grove,Minnesota
United States,Lake Elmo,Minnesota
United States,New Ulm,Minnesota
United States,Cambridge,Minnesota
United States,Medina,Minnesota
United States,Elk River,Minnesota
United States,Oakdale,Minnesota
United States,Litchfield,Minnesota
United States,Hastings,Minnesota
United States,Mankato,Minnesota
United States,Shoreview,Minnesota
United States,Minneapolis,Minnesota
United States,Eden Prairie,Minnesota
United States,Saint Joseph,Minnesota
United States,South Saint Paul,Minnesota
United States,Corcoran,Minnesota
United States,Chaska,Minnesota
United States,Saint Louis Park,Minnesota
United States,Albertville,Minnesota
United States,Lindstrom,Minnesota
United States,Dayton,Minnesota
United States,North Saint Paul,Minnesota
United States,Hutchinson,Minnesota
United States,Bemidji,Minnesota
United States,Austin,Minnesota
United States,Falcon Heights,Minnesota
United States,Sartell,Minnesota
United States,Saint Paul,Minnesota
United States,East Grand Forks,Minnesota
United States,Flowood,Mississippi
United States,Bay Saint Louis,Mississippi
United States,Booneville,Mississippi
United States,Brookhaven,Mississippi
United States,Kosciusko,Mississippi
United States,Amory,Mississippi
United States,Biloxi,Mississippi
United States,Jackson,Mississippi
United States,Senatobia,Mississippi
United States,Horn Lake,Mississippi
United States,Greenwood,Mississippi
United States,Madison,Mississippi
United States,Moss Point,Mississippi
United States,Parkville,Missouri
United States,Hannibal,Missouri
United States,Lebanon,Missouri
United States,Clayton,Missouri
United States,Eureka,Missouri
United States,Kearney,Missouri
United States,Willard,Missouri
United States,Monett,Missouri
United States,Florissant,Missouri
United States,Battlefield,Missouri
United States,Marshfield,Missouri
United States,Springfield,Missouri
United States,Sedalia,Missouri
United States,Independence,Missouri
United States,Sullivan,Missouri
United States,Washington,Missouri
United States,Pevely,Missouri
United States,Rolla,Missouri
United States,Saint Ann,Missouri
United States,Kennett,Missouri
United States,Park Hills,Missouri
United States,Greenwood,Missouri
United States,Chillicothe,Missouri
United States,Carthage,Missouri
United States,Jefferson City,Missouri
United States,Cottleville,Missouri
United States,Butte,Montana
United States,Belgrade,Montana
United States,Kalispell,Montana
United States,Havre,Montana
United States,Laurel,Montana
United States,Helena,Montana
United States,Fremont,Nebraska
United States,Kearney,Nebraska
United States,La Vista,Nebraska
United States,Sidney,Nebraska
United States,Henderson,Nevada
United States,Winnemucca,Nevada
United States,Carson City,Nevada
United States,Sparks,Nevada
United States,Boulder City,Nevada
United States,Reno,Nevada
United States,Dover,New Hampshire
United States,Franklin,New Hampshire
United States,Nashua,New Hampshire
United States,Ridgefield Park,New Jersey
United States,Closter,New Jersey
United States,North Caldwell,New Jersey
United States,Emerson,New Jersey
United States,Guttenberg,New Jersey
United States,Spotswood,New Jersey
United States,Paterson,New Jersey
United States,River Edge,New Jersey
United States,Kenilworth,New Jersey
United States,Ridgewood,New Jersey
United States,Leonia,New Jersey
United States,Phillipsburg,New Jersey
United States,Little Silver,New Jersey
United States,New Milford,New Jersey
United States,Chatham,New Jersey
United States,Highland Park,New Jersey
United States,Pompton Lakes,New Jersey
United States,Mount Arlington,New Jersey
United States,Westfield,New Jersey
United States,North Arlington,New Jersey
United States,Oradell,New Jersey
United States,Bellmawr,New Jersey
United States,Carteret,New Jersey
United States,Runnemede,New Jersey
United States,Allendale,New Jersey
United States,Jersey City,New Jersey
United States,Hackettstown,New Jersey
United States,Raritan,New Jersey
United States,Morristown,New Jersey
United States,Northfield,New Jersey
United States,Camden,New Jersey
United States,Paulsboro,New Jersey
United States,Linden,New Jersey
United States,Bridgeton,New Jersey
United States,New Brunswick,New Jersey
United States,Bound Brook,New Jersey
United States,Edgewater,New Jersey
United States,Somerville,New Jersey
United States,Midland Park,New Jersey
United States,Bogota,New Jersey
United States,East Orange,New Jersey
United States,Freehold,New Jersey
United States,Rutherford,New Jersey
United States,Hillsdale,New Jersey
United States,Roselle,New Jersey
United States,Elmwood Park,New Jersey
United States,Jamesburg,New Jersey
United States,Englewood Cliffs,New Jersey
United States,Collingswood,New Jersey
United States,Wallington,New Jersey
United States,Morris Plains,New Jersey
United States,Dover,New Jersey
United States,Carlsbad,New Mexico
United States,Hobbs,New Mexico
United States,Socorro,New Mexico
United States,Ruidoso,New Mexico
United States,Williston Park,New York
United States,Port Chester,New York
United States,Canandaigua,New York
United States,Penn Yan,New York
United States,Airmont,New York
United States,Albion,New York
United States,Fredonia,New York
United States,Pelham Manor,New York
United States,North Hills,New York
United States,New Rochelle,New York
United States,Waterloo,New York
United States,Dobbs Ferry,New York
United States,Mastic Beach,New York
United States,Malone,New York
United States,Pleasantville,New York
United States,Elmsford,New York
United States,Auburn,New York
United States,Amityville,New York
United States,Rockville Centre,New York
United States,Croton-on-Hudson,New York
United States,Lackawanna,New York
United States,Manorhaven,New York
United States,Babylon,New York
United States,Bronx,New York
United States,Washingtonville,New York
United States,Poughkeepsie,New York
United States,Mineola,New York
United States,Patchogue,New York
United States,East Rochester,New York
United States,Haverstraw,New York
United States,Harrison,New York
United States,Norwich,New York
United States,Baldwinsville,New York
United States,Woodbury,New York
United States,Sidney,New York
United States,Chester,New York
United States,Attica,New York
United States,Yonkers,New York
United States,Lawrence,New York
United States,Massena,New York
United States,Fort Plain,New York
United States,Mount Vernon,New York
United States,Johnstown,New York
United States,Glen Cove,New York
United States,Staten Island,New York
United States,Roanoke Rapids,North Carolina
United States,New Bern,North Carolina
United States,Burlington,North Carolina
United States,Waynesville,North Carolina
United States,Davidson,North Carolina
United States,Forest City,North Carolina
United States,Elizabeth City,North Carolina
United States,Whiteville,North Carolina
United States,Pinehurst,North Carolina
United States,Conover,North Carolina
United States,Archer Lodge,North Carolina
United States,Stokesdale,North Carolina
United States,Clinton,North Carolina
United States,Manteo,North Carolina
United States,Angier,North Carolina
United States,Goldsboro,North Carolina
United States,Chapel Hill,North Carolina
United States,Taylorsville,North Carolina
United States,Gibsonville,North Carolina
United States,Harrisburg,North Carolina
United States,Gastonia,North Carolina
United States,Lumberton,North Carolina
United States,Indian Trail,North Carolina
United States,Cherryville,North Carolina
United States,Hillsborough,North Carolina
United States,Hope Mills,North Carolina
United States,Walkertown,North Carolina
United States,Huntersville,North Carolina
United States,Rockingham,North Carolina
United States,Wilmington,North Carolina
United States,Elkin,North Carolina
United States,Minot,North Dakota
United States,Mandan,North Dakota
United States,Northwood,Ohio
United States,Vandalia,Ohio
United States,Kirtland,Ohio
United States,Galion,Ohio
United States,Brecksville,Ohio
United States,Lisbon,Ohio
United States,Steubenville,Ohio
United States,Powell,Ohio
United States,The Village of Indian Hill,Ohio
United States,Strongsville,Ohio
United States,Athens,Ohio
United States,Ashland,Ohio
United States,Parma,Ohio
United States,Caldwell,Ohio
United States,Westerville,Ohio
United States,Seven Hills,Ohio
United States,Circleville,Ohio
United States,Mount Vernon,Ohio
United States,Gahanna,Ohio
United States,Shelby,Ohio
United States,Cuyahoga Falls,Ohio
United States,Grandview Heights,Ohio
United States,Pickerington,Ohio
United States,Euclid,Ohio
United States,Avon,Ohio
United States,Norwalk,Ohio
United States,Ontario,Ohio
United States,Sharonville,Ohio
United States,Rittman,Ohio
United States,Kent,Ohio
United States,Dover,Ohio
United States,Barberton,Ohio
United States,Forest Park,Ohio
United States,Struthers,Ohio
United States,Marysville,Ohio
United States,Celina,Ohio
United States,Ada,Ohio
United States,Berea,Ohio
United States,Springfield,Ohio
United States,Macedonia,Ohio
United States,Carlisle,Ohio
United States,North Ridgeville,Ohio
United States,Kettering,Ohio
United States,Beavercreek,Ohio
United States,Willoughby,Ohio
United States,Wapakoneta,Ohio
United States,Reading,Ohio
United States,Brook Park,Ohio
United States,Middleport,Ohio
United States,Broadview Heights,Ohio
United States,Dublin,Ohio
United States,Marion,Ohio
United States,Upper Arlington,Ohio
United States,Milford,Ohio
United States,Clyde,Ohio
United States,Cheviot,Ohio
United States,Perrysburg,Ohio
United States,Urbana,Ohio
United States,Findlay,Ohio
United States,Bryan,Ohio
United States,Franklin,Ohio
United States,Parma Heights,Ohio
United States,Warrensville Heights,Ohio
United States,Wooster,Ohio
United States,Rocky River,Ohio
United States,Lima,Ohio
United States,Huber Heights,Ohio
United States,Bellevue,Ohio
United States,Greenville,Ohio
United States,McAlester,Oklahoma
United States,Skiatook,Oklahoma
United States,Durant,Oklahoma
United States,Blanchard,Oklahoma
United States,Edmond,Oklahoma
United States,Clinton,Oklahoma
United States,Oklahoma City,Oklahoma
United States,Bixby,Oklahoma
United States,Noble,Oklahoma
United States,Muskogee,Oklahoma
United States,Chickasha,Oklahoma
United States,Bethany,Oklahoma
United States,El Reno,Oklahoma
United States,Muldrow,Oklahoma
United States,Okmulgee,Oklahoma
United States,Altus,Oklahoma
United States,Woodward,Oklahoma
United States,Tualatin,Oregon
United States,Bend,Oregon
United States,Redmond,Oregon
United States,Gladstone,Oregon
United States,Warrenton,Oregon
United States,Grants Pass,Oregon
United States,Tigard,Oregon
United States,Fairview,Oregon
United States,Beaverton,Oregon
United States,Ashland,Oregon
United States,Portland,Oregon
United States,Scappoose,Oregon
United States,Albany,Oregon
United States,Eugene,Oregon
United States,Milwaukie,Oregon
United States,Dallas,Oregon
United States,Florence,Oregon
United States,Woodburn,Oregon
United States,Eagle Point,Oregon
United States,Quakertown,Pennsylvania
United States,North East,Pennsylvania
United States,Sugarcreek,Pennsylvania
United States,West Chester,Pennsylvania
United States,Red Lion,Pennsylvania
United States,Titusville,Pennsylvania
United States,Downingtown,Pennsylvania
United States,Carlisle,Pennsylvania
United States,Dunmore,Pennsylvania
United States,Altoona,Pennsylvania
United States,Archbald,Pennsylvania
United States,Bristol,Pennsylvania
United States,Quarryville,Pennsylvania
United States,New Castle,Pennsylvania
United States,Glenolden,Pennsylvania
United States,York,Pennsylvania
United States,Lebanon,Pennsylvania
United States,Media,Pennsylvania
United States,Bellefonte,Pennsylvania
United States,Erie,Pennsylvania
United States,Shippensburg,Pennsylvania
United States,Hazleton,Pennsylvania
United States,Palmerton,Pennsylvania
United States,Latrobe,Pennsylvania
United States,Brentwood,Pennsylvania
United States,Coatesville,Pennsylvania
United States,Carnegie,Pennsylvania
United States,Edinboro,Pennsylvania
United States,Somerset,Pennsylvania
United States,Conshohocken,Pennsylvania
United States,Doylestown,Pennsylvania
United States,Slippery Rock,Pennsylvania
United States,West Mifflin,Pennsylvania
United States,Palmyra,Pennsylvania
United States,Philipsburg,Pennsylvania
United States,Franklin,Pennsylvania
United States,Lower Burrell,Pennsylvania
United States,Lock Haven,Pennsylvania
United States,Hellertown,Pennsylvania
United States,Clifton Heights,Pennsylvania
United States,Muncy,Pennsylvania
United States,Jersey Shore,Pennsylvania
United States,Souderton,Pennsylvania
United States,Bridgeville,Pennsylvania
United States,Schuylkill Haven,Pennsylvania
United States,Mount Pocono,Pennsylvania
United States,Berwick,Pennsylvania
United States,Wilkes-Barre,Pennsylvania
United States,Milton,Pennsylvania
United States,New Freedom,Pennsylvania
United States,Chester,Pennsylvania
United States,Ellwood City,Pennsylvania
United States,Shillington,Pennsylvania
United States,Lewisburg,Pennsylvania
Uruguay,Bella Unión,Artigas
Uruguay,Melo,Cerro Largo
Uruguay,Paso de los Toros,Durazno
Uruguay,Trinidad,Flores
Uruguay,Florida,Florida
Uruguay,Maldonado,Maldonado
Uruguay,Montevideo,Montevideo
Uzbekistan,Kogon,Buxoro
Uzbekistan,Fargona,Farg‘ona
Uzbekistan,Navoiy,Navoiy
Venezuela,Puerto Ayacucho,Amazonas
Venezuela,El Tigre,Anzoátegui
Venezuela,Maracay,Aragua
Venezuela,Ciudad Bolívar,Bolívar
Venezuela,San Carlos,Cojedes
Venezuela,Punto Fijo,Falcón
Venezuela,Calabozo,Guárico
Venezuela,Carora,Lara
Venezuela,Merida,Mérida
Venezuela,La Asunción,Nueva Esparta
Venezuela,Guanare,Portuguesa
Vietnam,Long Xuyen,An Giang
Vietnam,B?c Ninh,B?c Ninh
Vietnam,Thu Dau Mot,Bình D??ng
Vietnam,Hon Quan,Bình Ph??c
Vietnam,Biên Hòa,??ng Nai
Vietnam,Thành Ph? Ph? Lý,Hà Nam
Vietnam,Hanoi,Hà N?i
Vietnam,H?ng Yên,H?ng Yên
Vietnam,Da Lat,Lâm ??ng
Vietnam,Lao Chi,Lào Cai
Vietnam,Tan An,Long An
Vietnam,Phan Rang,Ninh Thu?n
Vietnam,Tuy Hòa,Phú Yên
Yemen,Zinjib?r,Abyan
Yemen,Al ?azm,Al Jawf
Yemen,Al Ma?w?t,Al Ma?w?t
Yemen,Saywun,?a?ramawt
Yemen,Al Mukalla,?a?ramawt
Yemen,Hajjah,?ajjah
Zambia,Kabwe,Central
Zambia,Chililabombwe,Copperbelt
Zambia,Chingola,Copperbelt
Zambia,Kitwe,Copperbelt
Zambia,Lundazi,Eastern
Zambia,Nyimba,Eastern
Zambia,Kawambwa,Luapula
Zambia,Lusaka,Lusaka
Zambia,Kasama,Northern
Zambia,Zambezi,North-Western
Zimbabwe,Chitungwiza,Harare
Zimbabwe,Kwekwe,Midlands
